{"hotspot_1739704099112":{"text":"New Hotspot","ath":-32.43176247279911,"atv":-21.741951913389386},"hotspot_1739704099696":{"text":"New Hotspot","ath":39.32086713864578,"atv":-30.516786562257664},"hotspot_1739704100291":{"text":"New Hotspot","ath":64.84212604549026,"atv":-6.377735540312114},"hotspot_1739704100966":{"text":"New Hotspot","ath":69.47098169875619,"atv":20.878385878315093},"hotspot_1739704103566":{"text":"New Hotspot","ath":64.73040912504678,"atv":41.102213921297356},"hotspot_1739704104363":{"text":"New Hotspot","ath":-3.520888235092798,"atv":44.243984565742686},"hotspot_1739704104979":{"text":"New Hotspot","ath":-26.227263382752994,"atv":15.83265821682123},"hotspot_1739704106354":{"text":"New Hotspot","ath":-35.294235660668505,"atv":-9.14246418964769},"hotspot_1739704110249":{"text":"New Hotspot","ath":31.199360260376807,"atv":48.15759292208984},"hotspot_1739704110775":{"text":"New Hotspot","ath":125.07570560378633,"atv":38.883189529963055},"hotspot_1739704111288":{"text":"New Hotspot","ath":160.72562317014695,"atv":41.28065540168887},"hotspot_1739704112244":{"text":"New Hotspot","ath":-167.91481287074782,"atv":40.62052292777268},"hotspot_1739704113008":{"text":"New Hotspot","ath":-103.00651557529295,"atv":48.855408559238214},"hotspot_1739704113511":{"text":"New Hotspot","ath":-49.85927338844368,"atv":44.63186033255033},"hotspot_1739704114021":{"text":"New Hotspot","ath":-17.84067484309969,"atv":45.85111225359852}}