{
  "hotspot_1739719204023": {
    "text": "New Hotspot",
    "ath": -74.20415927337689,
    "atv": -31.826831024765568
  },
  "hotspot_1739719204616": {
    "text": "New Hotspot",
    "ath": -48.15200881719022,
    "atv": -35.29506390039054
  },
  "hotspot_1739719205250": {
    "text": "New Hotspot",
    "ath": -42.46978269482486,
    "atv": -29.993490555326833
  },
  "hotspot_1739719213100": {
    "text": "New Hotspot",
    "ath": -58.41960836599685,
    "atv": -18.046225143844254
  }
}